"IDmouse","ExpGroup","time","TVolume","lab"
"1-Ctr-WT1","Ctr-WT",0,235,"Lab 1"
"1-Ctr-WT1","Ctr-WT",3,348,"Lab 1"
"1-Ctr-WT1","Ctr-WT",6,523,"Lab 1"
"1-Ctr-WT1","Ctr-WT",9,879,"Lab 1"
"1-Ctr-WT1","Ctr-WT",12,760,"Lab 1"
"1-Ctr-WT1","Ctr-WT",15,788,"Lab 1"
"1-Ctr-WT10","Ctr-WT",0,149,"Lab 1"
"1-Ctr-WT10","Ctr-WT",3,378,"Lab 1"
"1-Ctr-WT10","Ctr-WT",6,948,"Lab 1"
"1-Ctr-WT10","Ctr-WT",9,1086,"Lab 1"
"1-Ctr-WT10","Ctr-WT",12,1412,"Lab 1"
"1-Ctr-WT11","Ctr-WT",0,74,"Lab 1"
"1-Ctr-WT11","Ctr-WT",3,192,"Lab 1"
"1-Ctr-WT11","Ctr-WT",6,174,"Lab 1"
"1-Ctr-WT11","Ctr-WT",9,154,"Lab 1"
"1-Ctr-WT11","Ctr-WT",12,150,"Lab 1"
"1-Ctr-WT11","Ctr-WT",15,246,"Lab 1"
"1-Ctr-WT12","Ctr-WT",0,137,"Lab 1"
"1-Ctr-WT12","Ctr-WT",3,238,"Lab 1"
"1-Ctr-WT12","Ctr-WT",6,517,"Lab 1"
"1-Ctr-WT12","Ctr-WT",9,601,"Lab 1"
"1-Ctr-WT12","Ctr-WT",12,712,"Lab 1"
"1-Ctr-WT12","Ctr-WT",15,959,"Lab 1"
"1-Ctr-KO13","Ctr-KO",0,161,"Lab 1"
"1-Ctr-KO13","Ctr-KO",3,438,"Lab 1"
"1-Ctr-KO13","Ctr-KO",6,735,"Lab 1"
"1-Ctr-KO13","Ctr-KO",9,809,"Lab 1"
"1-Ctr-KO13","Ctr-KO",12,1117,"Lab 1"
"1-Ctr-KO13","Ctr-KO",15,1195,"Lab 1"
"1-Ctr-KO14","Ctr-KO",0,146,"Lab 1"
"1-Ctr-KO14","Ctr-KO",3,355,"Lab 1"
"1-Ctr-KO14","Ctr-KO",6,521,"Lab 1"
"1-Ctr-KO14","Ctr-KO",9,832,"Lab 1"
"1-Ctr-KO14","Ctr-KO",12,1134,"Lab 1"
"1-Ctr-KO14","Ctr-KO",15,1785,"Lab 1"
"1-Ctr-KO15","Ctr-KO",0,208,"Lab 1"
"1-Ctr-KO15","Ctr-KO",3,711,"Lab 1"
"1-Ctr-KO15","Ctr-KO",6,484,"Lab 1"
"1-Ctr-KO16","Ctr-KO",0,133,"Lab 1"
"1-Ctr-KO16","Ctr-KO",3,305,"Lab 1"
"1-Ctr-KO16","Ctr-KO",6,541,"Lab 1"
"1-Ctr-KO16","Ctr-KO",9,606,"Lab 1"
"1-Ctr-KO16","Ctr-KO",12,921,"Lab 1"
"1-Ctr-KO16","Ctr-KO",15,1051,"Lab 1"
"1-Ctr-KO17","Ctr-KO",0,60,"Lab 1"
"1-Ctr-KO17","Ctr-KO",3,107,"Lab 1"
"1-Ctr-KO17","Ctr-KO",6,231,"Lab 1"
"1-Ctr-KO17","Ctr-KO",9,231,"Lab 1"
"1-Ctr-KO17","Ctr-KO",12,324,"Lab 1"
"1-Ctr-KO17","Ctr-KO",15,283,"Lab 1"
"1-Ctr-KO18","Ctr-KO",0,154,"Lab 1"
"1-Ctr-KO18","Ctr-KO",3,299,"Lab 1"
"1-Ctr-KO18","Ctr-KO",6,476,"Lab 1"
"1-Ctr-KO18","Ctr-KO",9,785,"Lab 1"
"1-Ctr-KO18","Ctr-KO",12,1320,"Lab 1"
"1-Ctr-KO18","Ctr-KO",15,1456,"Lab 1"
"1-Ctr-KO19","Ctr-KO",0,147,"Lab 1"
"1-Ctr-KO19","Ctr-KO",3,246,"Lab 1"
"1-Ctr-KO19","Ctr-KO",6,452,"Lab 1"
"1-Ctr-KO19","Ctr-KO",9,505,"Lab 1"
"1-Ctr-KO19","Ctr-KO",12,928,"Lab 1"
"1-Ctr-KO19","Ctr-KO",15,718,"Lab 1"
"1-Ctr-WT2","Ctr-WT",0,184,"Lab 1"
"1-Ctr-WT2","Ctr-WT",3,479,"Lab 1"
"1-Ctr-WT2","Ctr-WT",6,585,"Lab 1"
"1-Ctr-WT2","Ctr-WT",9,1390,"Lab 1"
"1-Ctr-WT2","Ctr-WT",12,1638,"Lab 1"
"1-Ctr-WT2","Ctr-WT",15,1502,"Lab 1"
"1-Ctr-KO20","Ctr-KO",0,138,"Lab 1"
"1-Ctr-KO20","Ctr-KO",3,364,"Lab 1"
"1-Ctr-KO20","Ctr-KO",6,731,"Lab 1"
"1-Ctr-KO20","Ctr-KO",9,1174,"Lab 1"
"1-Ctr-KO20","Ctr-KO",12,1687,"Lab 1"
"1-Ctr-KO21","Ctr-KO",0,114,"Lab 1"
"1-Ctr-KO21","Ctr-KO",3,290,"Lab 1"
"1-Ctr-KO21","Ctr-KO",6,654,"Lab 1"
"1-Ctr-KO21","Ctr-KO",9,1454,"Lab 1"
"1-Ctr-KO21","Ctr-KO",12,1482,"Lab 1"
"1-Ctr-KO22","Ctr-KO",0,257,"Lab 1"
"1-Ctr-KO22","Ctr-KO",3,597,"Lab 1"
"1-Ctr-KO22","Ctr-KO",6,725,"Lab 1"
"1-Ctr-KO22","Ctr-KO",9,1023,"Lab 1"
"1-Ctr-KO22","Ctr-KO",12,1283,"Lab 1"
"1-Ctr-KO22","Ctr-KO",15,942,"Lab 1"
"1-Ctr-KO23","Ctr-KO",0,183,"Lab 1"
"1-Ctr-KO23","Ctr-KO",3,312,"Lab 1"
"1-Ctr-KO23","Ctr-KO",6,581,"Lab 1"
"1-Ctr-KO23","Ctr-KO",9,441,"Lab 1"
"1-Ctr-KO23","Ctr-KO",12,570,"Lab 1"
"1-Ctr-KO23","Ctr-KO",15,469,"Lab 1"
"1-Ctr-KO24","Ctr-KO",0,172,"Lab 1"
"1-Ctr-KO24","Ctr-KO",3,323,"Lab 1"
"1-Ctr-KO24","Ctr-KO",6,650,"Lab 1"
"1-Ctr-KO24","Ctr-KO",9,612,"Lab 1"
"1-Ctr-KO24","Ctr-KO",12,791,"Lab 1"
"1-Ctr-KO24","Ctr-KO",15,1346,"Lab 1"
"1-Trt-WT25","Trt-WT",0,152,"Lab 1"
"1-Trt-WT25","Trt-WT",3,397,"Lab 1"
"1-Trt-WT25","Trt-WT",6,883,"Lab 1"
"1-Trt-WT25","Trt-WT",9,1765,"Lab 1"
"1-Trt-WT26","Trt-WT",0,167,"Lab 1"
"1-Trt-WT26","Trt-WT",3,372,"Lab 1"
"1-Trt-WT26","Trt-WT",6,534,"Lab 1"
"1-Trt-WT26","Trt-WT",9,785,"Lab 1"
"1-Trt-WT26","Trt-WT",12,918,"Lab 1"
"1-Trt-WT26","Trt-WT",15,1050,"Lab 1"
"1-Trt-WT27","Trt-WT",0,112,"Lab 1"
"1-Trt-WT27","Trt-WT",3,323,"Lab 1"
"1-Trt-WT27","Trt-WT",6,458,"Lab 1"
"1-Trt-WT27","Trt-WT",9,826,"Lab 1"
"1-Trt-WT27","Trt-WT",12,1372,"Lab 1"
"1-Trt-WT27","Trt-WT",15,1301,"Lab 1"
"1-Trt-WT28","Trt-WT",0,108,"Lab 1"
"1-Trt-WT28","Trt-WT",3,278,"Lab 1"
"1-Trt-WT28","Trt-WT",6,389,"Lab 1"
"1-Trt-WT28","Trt-WT",9,522,"Lab 1"
"1-Trt-WT28","Trt-WT",12,1037,"Lab 1"
"1-Trt-WT28","Trt-WT",15,978,"Lab 1"
"1-Trt-WT29","Trt-WT",0,128,"Lab 1"
"1-Trt-WT29","Trt-WT",3,228,"Lab 1"
"1-Trt-WT29","Trt-WT",6,520,"Lab 1"
"1-Trt-WT29","Trt-WT",9,376,"Lab 1"
"1-Trt-WT29","Trt-WT",12,537,"Lab 1"
"1-Trt-WT29","Trt-WT",15,579,"Lab 1"
"1-Ctr-WT3","Ctr-WT",0,135,"Lab 1"
"1-Ctr-WT3","Ctr-WT",3,211,"Lab 1"
"1-Ctr-WT3","Ctr-WT",6,338,"Lab 1"
"1-Ctr-WT3","Ctr-WT",9,464,"Lab 1"
"1-Ctr-WT3","Ctr-WT",12,367,"Lab 1"
"1-Ctr-WT3","Ctr-WT",15,327,"Lab 1"
"1-Trt-WT30","Trt-WT",0,152,"Lab 1"
"1-Trt-WT30","Trt-WT",3,256,"Lab 1"
"1-Trt-WT30","Trt-WT",6,579,"Lab 1"
"1-Trt-WT30","Trt-WT",9,1312,"Lab 1"
"1-Trt-WT30","Trt-WT",12,994,"Lab 1"
"1-Trt-WT30","Trt-WT",15,1636,"Lab 1"
"1-Trt-WT31","Trt-WT",0,285,"Lab 1"
"1-Trt-WT31","Trt-WT",3,599,"Lab 1"
"1-Trt-WT31","Trt-WT",6,849,"Lab 1"
"1-Trt-WT31","Trt-WT",9,925,"Lab 1"
"1-Trt-WT31","Trt-WT",12,1876,"Lab 1"
"1-Trt-WT32","Trt-WT",0,160,"Lab 1"
"1-Trt-WT32","Trt-WT",3,257,"Lab 1"
"1-Trt-WT32","Trt-WT",6,599,"Lab 1"
"1-Trt-WT32","Trt-WT",9,911,"Lab 1"
"1-Trt-WT32","Trt-WT",12,1241,"Lab 1"
"1-Trt-WT32","Trt-WT",15,1541,"Lab 1"
"1-Trt-WT33","Trt-WT",0,84,"Lab 1"
"1-Trt-WT33","Trt-WT",3,240,"Lab 1"
"1-Trt-WT33","Trt-WT",6,343,"Lab 1"
"1-Trt-WT33","Trt-WT",9,653,"Lab 1"
"1-Trt-WT33","Trt-WT",12,1126,"Lab 1"
"1-Trt-WT33","Trt-WT",15,1550,"Lab 1"
"1-Trt-WT34","Trt-WT",0,114,"Lab 1"
"1-Trt-WT34","Trt-WT",3,209,"Lab 1"
"1-Trt-WT34","Trt-WT",6,216,"Lab 1"
"1-Trt-WT34","Trt-WT",9,465,"Lab 1"
"1-Trt-WT34","Trt-WT",12,614,"Lab 1"
"1-Trt-WT34","Trt-WT",15,594,"Lab 1"
"1-Trt-WT35","Trt-WT",0,109,"Lab 1"
"1-Trt-WT35","Trt-WT",3,174,"Lab 1"
"1-Trt-WT35","Trt-WT",6,364,"Lab 1"
"1-Trt-WT35","Trt-WT",9,358,"Lab 1"
"1-Trt-WT35","Trt-WT",12,248,"Lab 1"
"1-Trt-WT35","Trt-WT",15,336,"Lab 1"
"1-Trt-WT36","Trt-WT",0,178,"Lab 1"
"1-Trt-WT36","Trt-WT",3,253,"Lab 1"
"1-Trt-WT36","Trt-WT",6,398,"Lab 1"
"1-Trt-WT36","Trt-WT",9,554,"Lab 1"
"1-Trt-WT36","Trt-WT",12,620,"Lab 1"
"1-Trt-WT36","Trt-WT",15,442,"Lab 1"
"1-Trt-KO37","Trt-KO",0,105,"Lab 1"
"1-Trt-KO37","Trt-KO",3,274,"Lab 1"
"1-Trt-KO37","Trt-KO",6,542,"Lab 1"
"1-Trt-KO37","Trt-KO",9,587,"Lab 1"
"1-Trt-KO37","Trt-KO",12,660,"Lab 1"
"1-Trt-KO37","Trt-KO",15,484,"Lab 1"
"1-Trt-KO38","Trt-KO",0,121,"Lab 1"
"1-Trt-KO38","Trt-KO",3,168,"Lab 1"
"1-Trt-KO38","Trt-KO",6,417,"Lab 1"
"1-Trt-KO38","Trt-KO",9,547,"Lab 1"
"1-Trt-KO38","Trt-KO",12,663,"Lab 1"
"1-Trt-KO38","Trt-KO",15,516,"Lab 1"
"1-Trt-KO39","Trt-KO",0,193,"Lab 1"
"1-Trt-KO39","Trt-KO",3,274,"Lab 1"
"1-Trt-KO39","Trt-KO",6,752,"Lab 1"
"1-Trt-KO39","Trt-KO",9,1147,"Lab 1"
"1-Trt-KO39","Trt-KO",12,989,"Lab 1"
"1-Trt-KO39","Trt-KO",15,1748,"Lab 1"
"1-Ctr-WT4","Ctr-WT",0,147,"Lab 1"
"1-Ctr-WT4","Ctr-WT",3,304,"Lab 1"
"1-Ctr-WT4","Ctr-WT",6,386,"Lab 1"
"1-Ctr-WT4","Ctr-WT",9,776,"Lab 1"
"1-Ctr-WT4","Ctr-WT",12,943,"Lab 1"
"1-Ctr-WT4","Ctr-WT",15,991,"Lab 1"
"1-Trt-KO40","Trt-KO",0,145,"Lab 1"
"1-Trt-KO40","Trt-KO",3,254,"Lab 1"
"1-Trt-KO40","Trt-KO",6,398,"Lab 1"
"1-Trt-KO40","Trt-KO",9,432,"Lab 1"
"1-Trt-KO40","Trt-KO",12,435,"Lab 1"
"1-Trt-KO40","Trt-KO",15,468,"Lab 1"
"1-Trt-KO41","Trt-KO",0,213,"Lab 1"
"1-Trt-KO41","Trt-KO",3,287,"Lab 1"
"1-Trt-KO41","Trt-KO",6,361,"Lab 1"
"1-Trt-KO41","Trt-KO",9,375,"Lab 1"
"1-Trt-KO41","Trt-KO",12,516,"Lab 1"
"1-Trt-KO41","Trt-KO",15,283,"Lab 1"
"1-Trt-KO42","Trt-KO",0,173,"Lab 1"
"1-Trt-KO42","Trt-KO",3,205,"Lab 1"
"1-Trt-KO42","Trt-KO",6,283,"Lab 1"
"1-Trt-KO42","Trt-KO",9,447,"Lab 1"
"1-Trt-KO42","Trt-KO",12,346,"Lab 1"
"1-Trt-KO42","Trt-KO",15,344,"Lab 1"
"1-Trt-KO43","Trt-KO",0,104,"Lab 1"
"1-Trt-KO43","Trt-KO",3,178,"Lab 1"
"1-Trt-KO43","Trt-KO",6,247,"Lab 1"
"1-Trt-KO43","Trt-KO",9,311,"Lab 1"
"1-Trt-KO43","Trt-KO",12,346,"Lab 1"
"1-Trt-KO43","Trt-KO",15,205,"Lab 1"
"1-Trt-KO44","Trt-KO",0,315,"Lab 1"
"1-Trt-KO44","Trt-KO",3,367,"Lab 1"
"1-Trt-KO44","Trt-KO",6,687,"Lab 1"
"1-Trt-KO44","Trt-KO",9,884,"Lab 1"
"1-Trt-KO44","Trt-KO",12,1141,"Lab 1"
"1-Trt-KO44","Trt-KO",15,1414,"Lab 1"
"1-Trt-KO45","Trt-KO",0,79,"Lab 1"
"1-Trt-KO45","Trt-KO",3,115,"Lab 1"
"1-Trt-KO45","Trt-KO",6,239,"Lab 1"
"1-Trt-KO45","Trt-KO",9,222,"Lab 1"
"1-Trt-KO45","Trt-KO",12,329,"Lab 1"
"1-Trt-KO45","Trt-KO",15,247,"Lab 1"
"1-Trt-KO46","Trt-KO",0,99,"Lab 1"
"1-Trt-KO46","Trt-KO",3,214,"Lab 1"
"1-Trt-KO46","Trt-KO",6,277,"Lab 1"
"1-Trt-KO46","Trt-KO",9,299,"Lab 1"
"1-Trt-KO46","Trt-KO",12,425,"Lab 1"
"1-Trt-KO46","Trt-KO",15,262,"Lab 1"
"1-Trt-KO47","Trt-KO",0,78,"Lab 1"
"1-Trt-KO47","Trt-KO",3,205,"Lab 1"
"1-Trt-KO47","Trt-KO",6,255,"Lab 1"
"1-Trt-KO47","Trt-KO",9,385,"Lab 1"
"1-Trt-KO47","Trt-KO",12,284,"Lab 1"
"1-Trt-KO47","Trt-KO",15,404,"Lab 1"
"1-Trt-KO48","Trt-KO",0,146,"Lab 1"
"1-Trt-KO48","Trt-KO",3,216,"Lab 1"
"1-Trt-KO48","Trt-KO",6,292,"Lab 1"
"1-Trt-KO48","Trt-KO",9,281,"Lab 1"
"1-Trt-KO48","Trt-KO",12,315,"Lab 1"
"1-Trt-KO48","Trt-KO",15,464,"Lab 1"
"1-Ctr-WT5","Ctr-WT",0,101,"Lab 1"
"1-Ctr-WT5","Ctr-WT",3,202,"Lab 1"
"1-Ctr-WT5","Ctr-WT",6,367,"Lab 1"
"1-Ctr-WT5","Ctr-WT",9,860,"Lab 1"
"1-Ctr-WT5","Ctr-WT",12,1270,"Lab 1"
"1-Ctr-WT5","Ctr-WT",15,1678,"Lab 1"
"1-Ctr-WT6","Ctr-WT",0,92,"Lab 1"
"1-Ctr-WT6","Ctr-WT",3,186,"Lab 1"
"1-Ctr-WT6","Ctr-WT",6,583,"Lab 1"
"1-Ctr-WT6","Ctr-WT",9,641,"Lab 1"
"1-Ctr-WT6","Ctr-WT",12,927,"Lab 1"
"1-Ctr-WT6","Ctr-WT",15,1105,"Lab 1"
"1-Ctr-WT7","Ctr-WT",0,160,"Lab 1"
"1-Ctr-WT7","Ctr-WT",3,279,"Lab 1"
"1-Ctr-WT7","Ctr-WT",6,565,"Lab 1"
"1-Ctr-WT7","Ctr-WT",9,592,"Lab 1"
"1-Ctr-WT7","Ctr-WT",12,1294,"Lab 1"
"1-Ctr-WT7","Ctr-WT",15,1399,"Lab 1"
"1-Ctr-WT8","Ctr-WT",0,217,"Lab 1"
"1-Ctr-WT8","Ctr-WT",3,468,"Lab 1"
"1-Ctr-WT8","Ctr-WT",6,702,"Lab 1"
"1-Ctr-WT8","Ctr-WT",9,1364,"Lab 1"
"1-Ctr-WT8","Ctr-WT",12,1348,"Lab 1"
"1-Ctr-WT8","Ctr-WT",15,1579,"Lab 1"
"1-Ctr-WT9","Ctr-WT",0,119,"Lab 1"
"1-Ctr-WT9","Ctr-WT",3,274,"Lab 1"
"1-Ctr-WT9","Ctr-WT",6,465,"Lab 1"
"1-Ctr-WT9","Ctr-WT",9,751,"Lab 1"
"1-Ctr-WT9","Ctr-WT",12,874,"Lab 1"
"1-Ctr-WT9","Ctr-WT",15,1430,"Lab 1"
"2-Ctr-WT1","Ctr-WT",0,279,"Lab 2"
"2-Ctr-WT1","Ctr-WT",3,480,"Lab 2"
"2-Ctr-WT1","Ctr-WT",6,609,"Lab 2"
"2-Ctr-WT1","Ctr-WT",9,1281,"Lab 2"
"2-Ctr-WT1","Ctr-WT",12,1332,"Lab 2"
"2-Ctr-WT1","Ctr-WT",15,1566,"Lab 2"
"2-Ctr-KO10","Ctr-KO",0,246,"Lab 2"
"2-Ctr-KO10","Ctr-KO",3,696,"Lab 2"
"2-Ctr-KO10","Ctr-KO",6,1288,"Lab 2"
"2-Ctr-KO11","Ctr-KO",0,282,"Lab 2"
"2-Ctr-KO11","Ctr-KO",3,518,"Lab 2"
"2-Ctr-KO11","Ctr-KO",6,696,"Lab 2"
"2-Ctr-KO11","Ctr-KO",9,1504,"Lab 2"
"2-Ctr-KO11","Ctr-KO",12,1581,"Lab 2"
"2-Ctr-KO11","Ctr-KO",15,1352,"Lab 2"
"2-Ctr-KO12","Ctr-KO",0,454,"Lab 2"
"2-Ctr-KO12","Ctr-KO",3,1031,"Lab 2"
"2-Ctr-KO13","Ctr-KO",0,293,"Lab 2"
"2-Ctr-KO13","Ctr-KO",3,395,"Lab 2"
"2-Ctr-KO13","Ctr-KO",6,618,"Lab 2"
"2-Ctr-KO13","Ctr-KO",9,883,"Lab 2"
"2-Ctr-KO13","Ctr-KO",12,956,"Lab 2"
"2-Ctr-KO13","Ctr-KO",15,963,"Lab 2"
"2-Ctr-KO14","Ctr-KO",0,292,"Lab 2"
"2-Ctr-KO14","Ctr-KO",3,479,"Lab 2"
"2-Ctr-KO14","Ctr-KO",6,951,"Lab 2"
"2-Ctr-KO14","Ctr-KO",9,1345,"Lab 2"
"2-Ctr-KO14","Ctr-KO",12,1715,"Lab 2"
"2-Ctr-KO14","Ctr-KO",15,1832,"Lab 2"
"2-Ctr-KO15","Ctr-KO",0,239,"Lab 2"
"2-Ctr-KO15","Ctr-KO",3,693,"Lab 2"
"2-Ctr-KO15","Ctr-KO",6,963,"Lab 2"
"2-Ctr-KO15","Ctr-KO",9,1816,"Lab 2"
"2-Ctr-KO16","Ctr-KO",0,313,"Lab 2"
"2-Ctr-KO16","Ctr-KO",3,520,"Lab 2"
"2-Ctr-KO16","Ctr-KO",6,614,"Lab 2"
"2-Ctr-KO16","Ctr-KO",9,716,"Lab 2"
"2-Ctr-KO16","Ctr-KO",12,1621,"Lab 2"
"2-Ctr-KO16","Ctr-KO",15,1039,"Lab 2"
"2-Ctr-KO17","Ctr-KO",0,357,"Lab 2"
"2-Ctr-KO17","Ctr-KO",3,424,"Lab 2"
"2-Ctr-KO17","Ctr-KO",6,656,"Lab 2"
"2-Ctr-KO17","Ctr-KO",9,694,"Lab 2"
"2-Ctr-KO17","Ctr-KO",12,574,"Lab 2"
"2-Ctr-KO17","Ctr-KO",15,824,"Lab 2"
"2-Ctr-KO18","Ctr-KO",0,503,"Lab 2"
"2-Ctr-KO18","Ctr-KO",3,646,"Lab 2"
"2-Ctr-KO18","Ctr-KO",6,1414,"Lab 2"
"2-Ctr-KO18","Ctr-KO",9,1833,"Lab 2"
"2-Trt-WT19","Trt-WT",0,215,"Lab 2"
"2-Trt-WT19","Trt-WT",3,419,"Lab 2"
"2-Trt-WT19","Trt-WT",6,562,"Lab 2"
"2-Trt-WT19","Trt-WT",9,415,"Lab 2"
"2-Trt-WT19","Trt-WT",12,910,"Lab 2"
"2-Trt-WT19","Trt-WT",15,647,"Lab 2"
"2-Ctr-WT2","Ctr-WT",0,223,"Lab 2"
"2-Ctr-WT2","Ctr-WT",3,450,"Lab 2"
"2-Ctr-WT2","Ctr-WT",6,1285,"Lab 2"
"2-Ctr-WT2","Ctr-WT",9,1342,"Lab 2"
"2-Ctr-WT2","Ctr-WT",12,1465,"Lab 2"
"2-Trt-WT20","Trt-WT",0,112,"Lab 2"
"2-Trt-WT20","Trt-WT",3,378,"Lab 2"
"2-Trt-WT20","Trt-WT",6,477,"Lab 2"
"2-Trt-WT20","Trt-WT",9,584,"Lab 2"
"2-Trt-WT20","Trt-WT",12,1308,"Lab 2"
"2-Trt-WT20","Trt-WT",15,834,"Lab 2"
"2-Trt-WT21","Trt-WT",0,390,"Lab 2"
"2-Trt-WT21","Trt-WT",3,705,"Lab 2"
"2-Trt-WT21","Trt-WT",6,1002,"Lab 2"
"2-Trt-WT22","Trt-WT",0,310,"Lab 2"
"2-Trt-WT22","Trt-WT",3,523,"Lab 2"
"2-Trt-WT22","Trt-WT",6,1207,"Lab 2"
"2-Trt-WT22","Trt-WT",9,1052,"Lab 2"
"2-Trt-WT22","Trt-WT",12,811,"Lab 2"
"2-Trt-WT22","Trt-WT",15,1074,"Lab 2"
"2-Trt-WT23","Trt-WT",0,194,"Lab 2"
"2-Trt-WT23","Trt-WT",3,392,"Lab 2"
"2-Trt-WT23","Trt-WT",6,883,"Lab 2"
"2-Trt-WT23","Trt-WT",9,1754,"Lab 2"
"2-Trt-WT23","Trt-WT",12,1683,"Lab 2"
"2-Trt-WT23","Trt-WT",15,1560,"Lab 2"
"2-Trt-WT24","Trt-WT",0,193,"Lab 2"
"2-Trt-WT24","Trt-WT",3,302,"Lab 2"
"2-Trt-WT24","Trt-WT",6,509,"Lab 2"
"2-Trt-WT24","Trt-WT",9,487,"Lab 2"
"2-Trt-WT24","Trt-WT",12,580,"Lab 2"
"2-Trt-WT24","Trt-WT",15,323,"Lab 2"
"2-Trt-WT25","Trt-WT",0,379,"Lab 2"
"2-Trt-WT25","Trt-WT",3,559,"Lab 2"
"2-Trt-WT25","Trt-WT",6,667,"Lab 2"
"2-Trt-WT26","Trt-WT",0,175,"Lab 2"
"2-Trt-WT26","Trt-WT",3,299,"Lab 2"
"2-Trt-WT26","Trt-WT",6,817,"Lab 2"
"2-Trt-WT26","Trt-WT",9,1937,"Lab 2"
"2-Trt-WT26","Trt-WT",12,1754,"Lab 2"
"2-Trt-WT27","Trt-WT",0,298,"Lab 2"
"2-Trt-WT27","Trt-WT",3,623,"Lab 2"
"2-Trt-WT27","Trt-WT",6,730,"Lab 2"
"2-Trt-WT27","Trt-WT",9,795,"Lab 2"
"2-Trt-WT27","Trt-WT",12,1079,"Lab 2"
"2-Trt-WT27","Trt-WT",15,1636,"Lab 2"
"2-Trt-KO28","Trt-KO",0,355,"Lab 2"
"2-Trt-KO28","Trt-KO",3,625,"Lab 2"
"2-Trt-KO28","Trt-KO",6,1032,"Lab 2"
"2-Trt-KO28","Trt-KO",9,1997,"Lab 2"
"2-Trt-KO28","Trt-KO",12,1785,"Lab 2"
"2-Trt-KO29","Trt-KO",0,403,"Lab 2"
"2-Trt-KO29","Trt-KO",3,851,"Lab 2"
"2-Trt-KO29","Trt-KO",6,1359,"Lab 2"
"2-Ctr-WT3","Ctr-WT",0,392,"Lab 2"
"2-Ctr-WT3","Ctr-WT",3,625,"Lab 2"
"2-Ctr-WT3","Ctr-WT",6,1214,"Lab 2"
"2-Ctr-WT3","Ctr-WT",9,1745,"Lab 2"
"2-Trt-KO30","Trt-KO",0,378,"Lab 2"
"2-Trt-KO30","Trt-KO",3,489,"Lab 2"
"2-Trt-KO30","Trt-KO",6,920,"Lab 2"
"2-Trt-KO30","Trt-KO",9,749,"Lab 2"
"2-Trt-KO30","Trt-KO",12,1192,"Lab 2"
"2-Trt-KO30","Trt-KO",15,1374,"Lab 2"
"2-Trt-KO31","Trt-KO",0,316,"Lab 2"
"2-Trt-KO31","Trt-KO",3,513,"Lab 2"
"2-Trt-KO31","Trt-KO",6,757,"Lab 2"
"2-Trt-KO31","Trt-KO",9,598,"Lab 2"
"2-Trt-KO31","Trt-KO",12,477,"Lab 2"
"2-Trt-KO31","Trt-KO",15,468,"Lab 2"
"2-Trt-KO32","Trt-KO",0,301,"Lab 2"
"2-Trt-KO32","Trt-KO",3,511,"Lab 2"
"2-Trt-KO32","Trt-KO",6,982,"Lab 2"
"2-Trt-KO32","Trt-KO",9,1432,"Lab 2"
"2-Trt-KO32","Trt-KO",12,1084,"Lab 2"
"2-Trt-KO32","Trt-KO",15,959,"Lab 2"
"2-Trt-KO33","Trt-KO",0,290,"Lab 2"
"2-Trt-KO33","Trt-KO",3,454,"Lab 2"
"2-Trt-KO33","Trt-KO",6,979,"Lab 2"
"2-Trt-KO33","Trt-KO",9,800,"Lab 2"
"2-Trt-KO33","Trt-KO",12,1346,"Lab 2"
"2-Trt-KO33","Trt-KO",15,926,"Lab 2"
"2-Trt-KO34","Trt-KO",0,226,"Lab 2"
"2-Trt-KO34","Trt-KO",3,266,"Lab 2"
"2-Trt-KO34","Trt-KO",6,715,"Lab 2"
"2-Trt-KO34","Trt-KO",9,587,"Lab 2"
"2-Trt-KO34","Trt-KO",12,677,"Lab 2"
"2-Trt-KO34","Trt-KO",15,614,"Lab 2"
"2-Trt-KO35","Trt-KO",0,337,"Lab 2"
"2-Trt-KO35","Trt-KO",3,897,"Lab 2"
"2-Trt-KO35","Trt-KO",6,1124,"Lab 2"
"2-Trt-KO36","Trt-KO",0,184,"Lab 2"
"2-Trt-KO36","Trt-KO",3,473,"Lab 2"
"2-Trt-KO36","Trt-KO",6,514,"Lab 2"
"2-Trt-KO36","Trt-KO",9,586,"Lab 2"
"2-Trt-KO36","Trt-KO",12,788,"Lab 2"
"2-Trt-KO36","Trt-KO",15,466,"Lab 2"
"2-Ctr-WT4","Ctr-WT",0,334,"Lab 2"
"2-Ctr-WT4","Ctr-WT",3,345,"Lab 2"
"2-Ctr-WT4","Ctr-WT",6,522,"Lab 2"
"2-Ctr-WT4","Ctr-WT",9,873,"Lab 2"
"2-Ctr-WT4","Ctr-WT",12,1352,"Lab 2"
"2-Ctr-WT4","Ctr-WT",15,723,"Lab 2"
"2-Ctr-WT5","Ctr-WT",0,209,"Lab 2"
"2-Ctr-WT5","Ctr-WT",3,386,"Lab 2"
"2-Ctr-WT5","Ctr-WT",6,615,"Lab 2"
"2-Ctr-WT5","Ctr-WT",9,739,"Lab 2"
"2-Ctr-WT5","Ctr-WT",12,1259,"Lab 2"
"2-Ctr-WT5","Ctr-WT",15,605,"Lab 2"
"2-Ctr-WT6","Ctr-WT",0,232,"Lab 2"
"2-Ctr-WT6","Ctr-WT",3,356,"Lab 2"
"2-Ctr-WT6","Ctr-WT",6,726,"Lab 2"
"2-Ctr-WT6","Ctr-WT",9,961,"Lab 2"
"2-Ctr-WT6","Ctr-WT",12,1173,"Lab 2"
"2-Ctr-WT6","Ctr-WT",15,1629,"Lab 2"
"2-Ctr-WT7","Ctr-WT",0,260,"Lab 2"
"2-Ctr-WT7","Ctr-WT",3,413,"Lab 2"
"2-Ctr-WT7","Ctr-WT",6,776,"Lab 2"
"2-Ctr-WT7","Ctr-WT",9,916,"Lab 2"
"2-Ctr-WT7","Ctr-WT",12,1017,"Lab 2"
"2-Ctr-WT7","Ctr-WT",15,834,"Lab 2"
"2-Ctr-WT8","Ctr-WT",0,502,"Lab 2"
"2-Ctr-WT8","Ctr-WT",3,784,"Lab 2"
"2-Ctr-WT8","Ctr-WT",6,1379,"Lab 2"
"2-Ctr-WT8","Ctr-WT",9,1747,"Lab 2"
"2-Ctr-WT8","Ctr-WT",12,1794,"Lab 2"
"2-Ctr-WT8","Ctr-WT",15,1228,"Lab 2"
"2-Ctr-WT9","Ctr-WT",0,248,"Lab 2"
"2-Ctr-WT9","Ctr-WT",3,393,"Lab 2"
"2-Ctr-WT9","Ctr-WT",6,435,"Lab 2"
"2-Ctr-WT9","Ctr-WT",9,617,"Lab 2"
"2-Ctr-WT9","Ctr-WT",12,550,"Lab 2"
"2-Ctr-WT9","Ctr-WT",15,740,"Lab 2"
"3-Ctr-WT1","Ctr-WT",0,187,"Lab 3"
"3-Ctr-WT1","Ctr-WT",3,367,"Lab 3"
"3-Ctr-WT1","Ctr-WT",6,596,"Lab 3"
"3-Ctr-WT1","Ctr-WT",9,1312,"Lab 3"
"3-Ctr-WT1","Ctr-WT",12,1004,"Lab 3"
"3-Ctr-WT1","Ctr-WT",15,1561,"Lab 3"
"3-Ctr-WT10","Ctr-WT",0,214,"Lab 3"
"3-Ctr-WT10","Ctr-WT",3,425,"Lab 3"
"3-Ctr-WT10","Ctr-WT",6,637,"Lab 3"
"3-Ctr-WT10","Ctr-WT",9,1766,"Lab 3"
"3-Ctr-WT11","Ctr-WT",0,337,"Lab 3"
"3-Ctr-WT11","Ctr-WT",3,643,"Lab 3"
"3-Ctr-WT11","Ctr-WT",6,697,"Lab 3"
"3-Ctr-WT11","Ctr-WT",9,830,"Lab 3"
"3-Ctr-WT11","Ctr-WT",12,623,"Lab 3"
"3-Ctr-WT11","Ctr-WT",15,466,"Lab 3"
"3-Ctr-WT12","Ctr-WT",0,140,"Lab 3"
"3-Ctr-WT12","Ctr-WT",3,359,"Lab 3"
"3-Ctr-WT12","Ctr-WT",6,578,"Lab 3"
"3-Ctr-WT12","Ctr-WT",9,537,"Lab 3"
"3-Ctr-WT12","Ctr-WT",12,799,"Lab 3"
"3-Ctr-WT12","Ctr-WT",15,744,"Lab 3"
"3-Ctr-WT13","Ctr-WT",0,302,"Lab 3"
"3-Ctr-WT13","Ctr-WT",3,692,"Lab 3"
"3-Ctr-WT13","Ctr-WT",6,1265,"Lab 3"
"3-Ctr-WT13","Ctr-WT",9,1595,"Lab 3"
"3-Ctr-WT14","Ctr-WT",0,239,"Lab 3"
"3-Ctr-WT14","Ctr-WT",3,299,"Lab 3"
"3-Ctr-WT14","Ctr-WT",6,528,"Lab 3"
"3-Ctr-WT14","Ctr-WT",9,492,"Lab 3"
"3-Ctr-WT14","Ctr-WT",12,754,"Lab 3"
"3-Ctr-WT14","Ctr-WT",15,528,"Lab 3"
"3-Ctr-WT15","Ctr-WT",0,177,"Lab 3"
"3-Ctr-WT15","Ctr-WT",3,323,"Lab 3"
"3-Ctr-WT15","Ctr-WT",6,408,"Lab 3"
"3-Ctr-WT15","Ctr-WT",9,586,"Lab 3"
"3-Ctr-WT15","Ctr-WT",12,934,"Lab 3"
"3-Ctr-WT15","Ctr-WT",15,1155,"Lab 3"
"3-Ctr-WT16","Ctr-WT",0,189,"Lab 3"
"3-Ctr-WT16","Ctr-WT",3,296,"Lab 3"
"3-Ctr-WT16","Ctr-WT",6,443,"Lab 3"
"3-Ctr-WT16","Ctr-WT",9,679,"Lab 3"
"3-Ctr-WT16","Ctr-WT",12,1070,"Lab 3"
"3-Ctr-WT16","Ctr-WT",15,813,"Lab 3"
"3-Ctr-WT17","Ctr-WT",0,309,"Lab 3"
"3-Ctr-WT17","Ctr-WT",3,597,"Lab 3"
"3-Ctr-WT17","Ctr-WT",6,719,"Lab 3"
"3-Ctr-WT18","Ctr-WT",0,139,"Lab 3"
"3-Ctr-WT18","Ctr-WT",3,280,"Lab 3"
"3-Ctr-WT18","Ctr-WT",6,475,"Lab 3"
"3-Ctr-WT18","Ctr-WT",9,346,"Lab 3"
"3-Ctr-WT18","Ctr-WT",12,392,"Lab 3"
"3-Ctr-WT18","Ctr-WT",15,360,"Lab 3"
"3-Ctr-KO19","Ctr-KO",0,209,"Lab 3"
"3-Ctr-KO19","Ctr-KO",3,522,"Lab 3"
"3-Ctr-KO19","Ctr-KO",6,650,"Lab 3"
"3-Ctr-KO19","Ctr-KO",9,775,"Lab 3"
"3-Ctr-KO19","Ctr-KO",12,1781,"Lab 3"
"3-Ctr-KO19","Ctr-KO",15,913,"Lab 3"
"3-Ctr-WT2","Ctr-WT",0,208,"Lab 3"
"3-Ctr-WT2","Ctr-WT",3,631,"Lab 3"
"3-Ctr-WT2","Ctr-WT",6,770,"Lab 3"
"3-Ctr-WT2","Ctr-WT",9,1814,"Lab 3"
"3-Ctr-KO20","Ctr-KO",0,137,"Lab 3"
"3-Ctr-KO20","Ctr-KO",3,296,"Lab 3"
"3-Ctr-KO20","Ctr-KO",6,592,"Lab 3"
"3-Ctr-KO20","Ctr-KO",9,1114,"Lab 3"
"3-Ctr-KO20","Ctr-KO",12,1155,"Lab 3"
"3-Ctr-KO21","Ctr-KO",0,315,"Lab 3"
"3-Ctr-KO21","Ctr-KO",3,619,"Lab 3"
"3-Ctr-KO21","Ctr-KO",6,1110,"Lab 3"
"3-Ctr-KO21","Ctr-KO",9,1159,"Lab 3"
"3-Ctr-KO22","Ctr-KO",0,246,"Lab 3"
"3-Ctr-KO22","Ctr-KO",3,459,"Lab 3"
"3-Ctr-KO22","Ctr-KO",6,814,"Lab 3"
"3-Ctr-KO23","Ctr-KO",0,203,"Lab 3"
"3-Ctr-KO23","Ctr-KO",3,618,"Lab 3"
"3-Ctr-KO23","Ctr-KO",6,981,"Lab 3"
"3-Ctr-KO23","Ctr-KO",9,1284,"Lab 3"
"3-Ctr-KO24","Ctr-KO",0,383,"Lab 3"
"3-Ctr-KO24","Ctr-KO",3,795,"Lab 3"
"3-Ctr-KO24","Ctr-KO",6,1590,"Lab 3"
"3-Ctr-KO25","Ctr-KO",0,489,"Lab 3"
"3-Ctr-KO25","Ctr-KO",3,729,"Lab 3"
"3-Ctr-KO25","Ctr-KO",6,1675,"Lab 3"
"3-Ctr-KO25","Ctr-KO",9,1792,"Lab 3"
"3-Ctr-KO26","Ctr-KO",0,204,"Lab 3"
"3-Ctr-KO26","Ctr-KO",3,543,"Lab 3"
"3-Ctr-KO26","Ctr-KO",6,894,"Lab 3"
"3-Ctr-KO26","Ctr-KO",9,1293,"Lab 3"
"3-Ctr-KO27","Ctr-KO",0,218,"Lab 3"
"3-Ctr-KO27","Ctr-KO",3,557,"Lab 3"
"3-Ctr-KO27","Ctr-KO",6,789,"Lab 3"
"3-Ctr-KO27","Ctr-KO",9,1714,"Lab 3"
"3-Ctr-KO27","Ctr-KO",12,1489,"Lab 3"
"3-Ctr-KO27","Ctr-KO",15,1872,"Lab 3"
"3-Ctr-KO28","Ctr-KO",0,331,"Lab 3"
"3-Ctr-KO28","Ctr-KO",3,443,"Lab 3"
"3-Ctr-KO28","Ctr-KO",6,1070,"Lab 3"
"3-Ctr-KO29","Ctr-KO",0,129,"Lab 3"
"3-Ctr-KO29","Ctr-KO",3,227,"Lab 3"
"3-Ctr-KO29","Ctr-KO",6,329,"Lab 3"
"3-Ctr-KO29","Ctr-KO",9,500,"Lab 3"
"3-Ctr-KO29","Ctr-KO",12,808,"Lab 3"
"3-Ctr-KO29","Ctr-KO",15,422,"Lab 3"
"3-Ctr-WT3","Ctr-WT",0,209,"Lab 3"
"3-Ctr-WT3","Ctr-WT",3,417,"Lab 3"
"3-Ctr-WT3","Ctr-WT",6,827,"Lab 3"
"3-Ctr-WT3","Ctr-WT",9,1091,"Lab 3"
"3-Ctr-WT3","Ctr-WT",12,1624,"Lab 3"
"3-Ctr-KO30","Ctr-KO",0,432,"Lab 3"
"3-Ctr-KO30","Ctr-KO",3,672,"Lab 3"
"3-Ctr-KO30","Ctr-KO",6,1037,"Lab 3"
"3-Ctr-KO30","Ctr-KO",9,1710,"Lab 3"
"3-Ctr-KO31","Ctr-KO",0,206,"Lab 3"
"3-Ctr-KO31","Ctr-KO",3,379,"Lab 3"
"3-Ctr-KO31","Ctr-KO",6,562,"Lab 3"
"3-Ctr-KO31","Ctr-KO",9,982,"Lab 3"
"3-Ctr-KO31","Ctr-KO",12,1255,"Lab 3"
"3-Ctr-KO31","Ctr-KO",15,1402,"Lab 3"
"3-Ctr-KO32","Ctr-KO",0,255,"Lab 3"
"3-Ctr-KO32","Ctr-KO",3,412,"Lab 3"
"3-Ctr-KO32","Ctr-KO",6,959,"Lab 3"
"3-Ctr-KO32","Ctr-KO",9,811,"Lab 3"
"3-Ctr-KO32","Ctr-KO",12,711,"Lab 3"
"3-Ctr-KO32","Ctr-KO",15,772,"Lab 3"
"3-Ctr-KO33","Ctr-KO",0,208,"Lab 3"
"3-Ctr-KO33","Ctr-KO",3,420,"Lab 3"
"3-Ctr-KO33","Ctr-KO",6,594,"Lab 3"
"3-Ctr-KO33","Ctr-KO",9,938,"Lab 3"
"3-Ctr-KO33","Ctr-KO",12,933,"Lab 3"
"3-Ctr-KO33","Ctr-KO",15,1624,"Lab 3"
"3-Ctr-KO34","Ctr-KO",0,151,"Lab 3"
"3-Ctr-KO34","Ctr-KO",3,268,"Lab 3"
"3-Ctr-KO34","Ctr-KO",6,545,"Lab 3"
"3-Ctr-KO34","Ctr-KO",9,1100,"Lab 3"
"3-Ctr-KO34","Ctr-KO",12,1118,"Lab 3"
"3-Ctr-KO34","Ctr-KO",15,1440,"Lab 3"
"3-Ctr-KO35","Ctr-KO",0,199,"Lab 3"
"3-Ctr-KO35","Ctr-KO",3,390,"Lab 3"
"3-Ctr-KO35","Ctr-KO",6,842,"Lab 3"
"3-Ctr-KO35","Ctr-KO",9,867,"Lab 3"
"3-Ctr-KO35","Ctr-KO",12,967,"Lab 3"
"3-Ctr-KO35","Ctr-KO",15,1354,"Lab 3"
"3-Ctr-KO36","Ctr-KO",0,312,"Lab 3"
"3-Ctr-KO36","Ctr-KO",3,768,"Lab 3"
"3-Ctr-KO36","Ctr-KO",6,692,"Lab 3"
"3-Ctr-KO36","Ctr-KO",9,819,"Lab 3"
"3-Ctr-KO36","Ctr-KO",12,1022,"Lab 3"
"3-Ctr-KO36","Ctr-KO",15,941,"Lab 3"
"3-Trt-WT37","Trt-WT",0,162,"Lab 3"
"3-Trt-WT37","Trt-WT",3,315,"Lab 3"
"3-Trt-WT37","Trt-WT",6,573,"Lab 3"
"3-Trt-WT37","Trt-WT",9,447,"Lab 3"
"3-Trt-WT37","Trt-WT",12,1067,"Lab 3"
"3-Trt-WT37","Trt-WT",15,989,"Lab 3"
"3-Trt-WT38","Trt-WT",0,161,"Lab 3"
"3-Trt-WT38","Trt-WT",3,389,"Lab 3"
"3-Trt-WT38","Trt-WT",6,414,"Lab 3"
"3-Trt-WT38","Trt-WT",9,1042,"Lab 3"
"3-Trt-WT38","Trt-WT",12,1553,"Lab 3"
"3-Trt-WT39","Trt-WT",0,222,"Lab 3"
"3-Trt-WT39","Trt-WT",3,297,"Lab 3"
"3-Trt-WT39","Trt-WT",6,504,"Lab 3"
"3-Trt-WT39","Trt-WT",9,541,"Lab 3"
"3-Trt-WT39","Trt-WT",12,597,"Lab 3"
"3-Trt-WT39","Trt-WT",15,582,"Lab 3"
"3-Ctr-WT4","Ctr-WT",0,288,"Lab 3"
"3-Ctr-WT4","Ctr-WT",3,548,"Lab 3"
"3-Ctr-WT4","Ctr-WT",6,941,"Lab 3"
"3-Ctr-WT4","Ctr-WT",9,1474,"Lab 3"
"3-Ctr-WT4","Ctr-WT",12,1284,"Lab 3"
"3-Trt-WT40","Trt-WT",0,175,"Lab 3"
"3-Trt-WT40","Trt-WT",3,543,"Lab 3"
"3-Trt-WT40","Trt-WT",6,679,"Lab 3"
"3-Trt-WT40","Trt-WT",9,1076,"Lab 3"
"3-Trt-WT40","Trt-WT",12,1461,"Lab 3"
"3-Trt-WT40","Trt-WT",15,1263,"Lab 3"
"3-Trt-WT41","Trt-WT",0,242,"Lab 3"
"3-Trt-WT41","Trt-WT",3,563,"Lab 3"
"3-Trt-WT41","Trt-WT",6,836,"Lab 3"
"3-Trt-WT41","Trt-WT",9,1159,"Lab 3"
"3-Trt-WT42","Trt-WT",0,168,"Lab 3"
"3-Trt-WT42","Trt-WT",3,492,"Lab 3"
"3-Trt-WT42","Trt-WT",6,434,"Lab 3"
"3-Trt-WT42","Trt-WT",9,557,"Lab 3"
"3-Trt-WT42","Trt-WT",12,1052,"Lab 3"
"3-Trt-WT42","Trt-WT",15,1430,"Lab 3"
"3-Trt-WT43","Trt-WT",0,285,"Lab 3"
"3-Trt-WT43","Trt-WT",3,980,"Lab 3"
"3-Trt-WT43","Trt-WT",6,1263,"Lab 3"
"3-Trt-WT44","Trt-WT",0,226,"Lab 3"
"3-Trt-WT44","Trt-WT",3,318,"Lab 3"
"3-Trt-WT44","Trt-WT",6,453,"Lab 3"
"3-Trt-WT44","Trt-WT",9,1229,"Lab 3"
"3-Trt-WT44","Trt-WT",12,1517,"Lab 3"
"3-Trt-WT44","Trt-WT",15,1074,"Lab 3"
"3-Trt-WT45","Trt-WT",0,256,"Lab 3"
"3-Trt-WT45","Trt-WT",3,381,"Lab 3"
"3-Trt-WT45","Trt-WT",6,622,"Lab 3"
"3-Trt-WT45","Trt-WT",9,1499,"Lab 3"
"3-Trt-WT46","Trt-WT",0,296,"Lab 3"
"3-Trt-WT46","Trt-WT",3,705,"Lab 3"
"3-Trt-WT46","Trt-WT",6,1459,"Lab 3"
"3-Trt-WT46","Trt-WT",9,1950,"Lab 3"
"3-Trt-WT47","Trt-WT",0,203,"Lab 3"
"3-Trt-WT47","Trt-WT",3,485,"Lab 3"
"3-Trt-WT47","Trt-WT",6,782,"Lab 3"
"3-Trt-WT47","Trt-WT",9,848,"Lab 3"
"3-Trt-WT47","Trt-WT",12,1327,"Lab 3"
"3-Trt-WT47","Trt-WT",15,1582,"Lab 3"
"3-Trt-WT48","Trt-WT",0,145,"Lab 3"
"3-Trt-WT48","Trt-WT",3,346,"Lab 3"
"3-Trt-WT48","Trt-WT",6,438,"Lab 3"
"3-Trt-WT48","Trt-WT",9,942,"Lab 3"
"3-Trt-WT48","Trt-WT",12,1024,"Lab 3"
"3-Trt-WT48","Trt-WT",15,1045,"Lab 3"
"3-Trt-WT49","Trt-WT",0,142,"Lab 3"
"3-Trt-WT49","Trt-WT",3,334,"Lab 3"
"3-Trt-WT49","Trt-WT",6,371,"Lab 3"
"3-Trt-WT49","Trt-WT",9,420,"Lab 3"
"3-Trt-WT49","Trt-WT",12,617,"Lab 3"
"3-Trt-WT49","Trt-WT",15,515,"Lab 3"
"3-Ctr-WT5","Ctr-WT",0,197,"Lab 3"
"3-Ctr-WT5","Ctr-WT",3,491,"Lab 3"
"3-Ctr-WT5","Ctr-WT",6,1008,"Lab 3"
"3-Ctr-WT5","Ctr-WT",9,1805,"Lab 3"
"3-Trt-WT50","Trt-WT",0,253,"Lab 3"
"3-Trt-WT50","Trt-WT",3,322,"Lab 3"
"3-Trt-WT50","Trt-WT",6,672,"Lab 3"
"3-Trt-WT50","Trt-WT",9,1611,"Lab 3"
"3-Trt-WT50","Trt-WT",12,1369,"Lab 3"
"3-Trt-WT50","Trt-WT",15,1039,"Lab 3"
"3-Trt-WT51","Trt-WT",0,219,"Lab 3"
"3-Trt-WT51","Trt-WT",3,530,"Lab 3"
"3-Trt-WT51","Trt-WT",6,643,"Lab 3"
"3-Trt-WT51","Trt-WT",9,1056,"Lab 3"
"3-Trt-WT51","Trt-WT",12,1061,"Lab 3"
"3-Trt-WT51","Trt-WT",15,1117,"Lab 3"
"3-Trt-WT52","Trt-WT",0,170,"Lab 3"
"3-Trt-WT52","Trt-WT",3,336,"Lab 3"
"3-Trt-WT52","Trt-WT",6,869,"Lab 3"
"3-Trt-WT52","Trt-WT",9,1176,"Lab 3"
"3-Trt-WT52","Trt-WT",12,1364,"Lab 3"
"3-Trt-WT52","Trt-WT",15,1636,"Lab 3"
"3-Trt-WT53","Trt-WT",0,214,"Lab 3"
"3-Trt-WT53","Trt-WT",3,314,"Lab 3"
"3-Trt-WT53","Trt-WT",6,457,"Lab 3"
"3-Trt-WT53","Trt-WT",9,654,"Lab 3"
"3-Trt-WT53","Trt-WT",12,981,"Lab 3"
"3-Trt-WT53","Trt-WT",15,970,"Lab 3"
"3-Trt-WT54","Trt-WT",0,336,"Lab 3"
"3-Trt-WT54","Trt-WT",3,581,"Lab 3"
"3-Trt-WT54","Trt-WT",6,1055,"Lab 3"
"3-Trt-WT54","Trt-WT",9,1170,"Lab 3"
"3-Trt-WT54","Trt-WT",12,1106,"Lab 3"
"3-Trt-WT54","Trt-WT",15,1585,"Lab 3"
"3-Trt-KO55","Trt-KO",0,255,"Lab 3"
"3-Trt-KO55","Trt-KO",3,377,"Lab 3"
"3-Trt-KO55","Trt-KO",6,703,"Lab 3"
"3-Trt-KO55","Trt-KO",9,564,"Lab 3"
"3-Trt-KO55","Trt-KO",12,675,"Lab 3"
"3-Trt-KO55","Trt-KO",15,949,"Lab 3"
"3-Trt-KO56","Trt-KO",0,200,"Lab 3"
"3-Trt-KO56","Trt-KO",3,355,"Lab 3"
"3-Trt-KO56","Trt-KO",6,500,"Lab 3"
"3-Trt-KO56","Trt-KO",9,753,"Lab 3"
"3-Trt-KO56","Trt-KO",12,910,"Lab 3"
"3-Trt-KO56","Trt-KO",15,1017,"Lab 3"
"3-Trt-KO57","Trt-KO",0,163,"Lab 3"
"3-Trt-KO57","Trt-KO",3,385,"Lab 3"
"3-Trt-KO57","Trt-KO",6,712,"Lab 3"
"3-Trt-KO57","Trt-KO",9,710,"Lab 3"
"3-Trt-KO57","Trt-KO",12,933,"Lab 3"
"3-Trt-KO57","Trt-KO",15,557,"Lab 3"
"3-Trt-KO58","Trt-KO",0,331,"Lab 3"
"3-Trt-KO58","Trt-KO",3,345,"Lab 3"
"3-Trt-KO58","Trt-KO",6,471,"Lab 3"
"3-Trt-KO58","Trt-KO",9,389,"Lab 3"
"3-Trt-KO58","Trt-KO",12,439,"Lab 3"
"3-Trt-KO58","Trt-KO",15,312,"Lab 3"
"3-Trt-KO59","Trt-KO",0,140,"Lab 3"
"3-Trt-KO59","Trt-KO",3,527,"Lab 3"
"3-Trt-KO59","Trt-KO",6,988,"Lab 3"
"3-Trt-KO59","Trt-KO",9,1226,"Lab 3"
"3-Ctr-WT6","Ctr-WT",0,230,"Lab 3"
"3-Ctr-WT6","Ctr-WT",3,376,"Lab 3"
"3-Ctr-WT6","Ctr-WT",6,551,"Lab 3"
"3-Ctr-WT6","Ctr-WT",9,631,"Lab 3"
"3-Ctr-WT6","Ctr-WT",12,864,"Lab 3"
"3-Ctr-WT6","Ctr-WT",15,496,"Lab 3"
"3-Trt-KO60","Trt-KO",0,187,"Lab 3"
"3-Trt-KO60","Trt-KO",3,355,"Lab 3"
"3-Trt-KO60","Trt-KO",6,699,"Lab 3"
"3-Trt-KO60","Trt-KO",9,711,"Lab 3"
"3-Trt-KO60","Trt-KO",12,1039,"Lab 3"
"3-Trt-KO60","Trt-KO",15,1484,"Lab 3"
"3-Trt-KO61","Trt-KO",0,282,"Lab 3"
"3-Trt-KO61","Trt-KO",3,396,"Lab 3"
"3-Trt-KO61","Trt-KO",6,521,"Lab 3"
"3-Trt-KO61","Trt-KO",9,998,"Lab 3"
"3-Trt-KO61","Trt-KO",12,1146,"Lab 3"
"3-Trt-KO61","Trt-KO",15,1396,"Lab 3"
"3-Trt-KO62","Trt-KO",0,280,"Lab 3"
"3-Trt-KO62","Trt-KO",3,795,"Lab 3"
"3-Trt-KO62","Trt-KO",6,1035,"Lab 3"
"3-Trt-KO62","Trt-KO",9,1260,"Lab 3"
"3-Trt-KO62","Trt-KO",12,1441,"Lab 3"
"3-Trt-KO62","Trt-KO",15,1405,"Lab 3"
"3-Trt-KO63","Trt-KO",0,276,"Lab 3"
"3-Trt-KO63","Trt-KO",3,970,"Lab 3"
"3-Trt-KO63","Trt-KO",6,941,"Lab 3"
"3-Trt-KO63","Trt-KO",9,1536,"Lab 3"
"3-Trt-KO64","Trt-KO",0,171,"Lab 3"
"3-Trt-KO64","Trt-KO",3,421,"Lab 3"
"3-Trt-KO64","Trt-KO",6,658,"Lab 3"
"3-Trt-KO64","Trt-KO",9,1185,"Lab 3"
"3-Trt-KO64","Trt-KO",12,1192,"Lab 3"
"3-Trt-KO64","Trt-KO",15,1863,"Lab 3"
"3-Trt-KO65","Trt-KO",0,282,"Lab 3"
"3-Trt-KO65","Trt-KO",3,530,"Lab 3"
"3-Trt-KO65","Trt-KO",6,504,"Lab 3"
"3-Trt-KO65","Trt-KO",9,627,"Lab 3"
"3-Trt-KO65","Trt-KO",12,995,"Lab 3"
"3-Trt-KO65","Trt-KO",15,710,"Lab 3"
"3-Trt-KO66","Trt-KO",0,200,"Lab 3"
"3-Trt-KO66","Trt-KO",3,689,"Lab 3"
"3-Trt-KO66","Trt-KO",6,743,"Lab 3"
"3-Trt-KO66","Trt-KO",9,1306,"Lab 3"
"3-Trt-KO66","Trt-KO",12,825,"Lab 3"
"3-Trt-KO66","Trt-KO",15,841,"Lab 3"
"3-Trt-KO67","Trt-KO",0,197,"Lab 3"
"3-Trt-KO67","Trt-KO",3,270,"Lab 3"
"3-Trt-KO67","Trt-KO",6,552,"Lab 3"
"3-Trt-KO67","Trt-KO",9,325,"Lab 3"
"3-Trt-KO67","Trt-KO",12,495,"Lab 3"
"3-Trt-KO67","Trt-KO",15,623,"Lab 3"
"3-Trt-KO68","Trt-KO",0,268,"Lab 3"
"3-Trt-KO68","Trt-KO",3,503,"Lab 3"
"3-Trt-KO68","Trt-KO",6,698,"Lab 3"
"3-Trt-KO68","Trt-KO",9,714,"Lab 3"
"3-Trt-KO68","Trt-KO",12,969,"Lab 3"
"3-Trt-KO68","Trt-KO",15,666,"Lab 3"
"3-Trt-KO69","Trt-KO",0,440,"Lab 3"
"3-Trt-KO69","Trt-KO",3,538,"Lab 3"
"3-Trt-KO69","Trt-KO",6,753,"Lab 3"
"3-Trt-KO69","Trt-KO",9,767,"Lab 3"
"3-Trt-KO69","Trt-KO",12,1177,"Lab 3"
"3-Trt-KO69","Trt-KO",15,1520,"Lab 3"
"3-Ctr-WT7","Ctr-WT",0,342,"Lab 3"
"3-Ctr-WT7","Ctr-WT",3,475,"Lab 3"
"3-Ctr-WT7","Ctr-WT",6,971,"Lab 3"
"3-Ctr-WT7","Ctr-WT",9,967,"Lab 3"
"3-Ctr-WT7","Ctr-WT",12,1087,"Lab 3"
"3-Ctr-WT7","Ctr-WT",15,1077,"Lab 3"
"3-Trt-KO70","Trt-KO",0,101,"Lab 3"
"3-Trt-KO70","Trt-KO",3,251,"Lab 3"
"3-Trt-KO70","Trt-KO",6,443,"Lab 3"
"3-Trt-KO70","Trt-KO",9,770,"Lab 3"
"3-Trt-KO70","Trt-KO",12,1014,"Lab 3"
"3-Trt-KO70","Trt-KO",15,830,"Lab 3"
"3-Trt-KO71","Trt-KO",0,284,"Lab 3"
"3-Trt-KO71","Trt-KO",3,402,"Lab 3"
"3-Trt-KO71","Trt-KO",6,616,"Lab 3"
"3-Trt-KO71","Trt-KO",9,1069,"Lab 3"
"3-Trt-KO71","Trt-KO",12,786,"Lab 3"
"3-Trt-KO71","Trt-KO",15,616,"Lab 3"
"3-Trt-KO72","Trt-KO",0,395,"Lab 3"
"3-Trt-KO72","Trt-KO",3,808,"Lab 3"
"3-Trt-KO72","Trt-KO",6,839,"Lab 3"
"3-Trt-KO72","Trt-KO",9,1195,"Lab 3"
"3-Trt-KO72","Trt-KO",12,1149,"Lab 3"
"3-Trt-KO72","Trt-KO",15,933,"Lab 3"
"3-Ctr-WT8","Ctr-WT",0,150,"Lab 3"
"3-Ctr-WT8","Ctr-WT",3,226,"Lab 3"
"3-Ctr-WT8","Ctr-WT",6,208,"Lab 3"
"3-Ctr-WT8","Ctr-WT",9,490,"Lab 3"
"3-Ctr-WT8","Ctr-WT",12,455,"Lab 3"
"3-Ctr-WT8","Ctr-WT",15,596,"Lab 3"
"3-Ctr-WT9","Ctr-WT",0,192,"Lab 3"
"3-Ctr-WT9","Ctr-WT",3,335,"Lab 3"
"3-Ctr-WT9","Ctr-WT",6,504,"Lab 3"
"3-Ctr-WT9","Ctr-WT",9,1004,"Lab 3"
"3-Ctr-WT9","Ctr-WT",12,701,"Lab 3"
"3-Ctr-WT9","Ctr-WT",15,1005,"Lab 3"
"4-Ctr-WT1","Ctr-WT",0,96,"Lab 4"
"4-Ctr-WT1","Ctr-WT",3,124,"Lab 4"
"4-Ctr-WT1","Ctr-WT",6,158,"Lab 4"
"4-Ctr-WT1","Ctr-WT",9,178,"Lab 4"
"4-Ctr-WT1","Ctr-WT",12,228,"Lab 4"
"4-Ctr-WT1","Ctr-WT",15,216,"Lab 4"
"4-Ctr-WT10","Ctr-WT",0,58,"Lab 4"
"4-Ctr-WT10","Ctr-WT",3,165,"Lab 4"
"4-Ctr-WT10","Ctr-WT",6,169,"Lab 4"
"4-Ctr-WT10","Ctr-WT",9,572,"Lab 4"
"4-Ctr-WT10","Ctr-WT",12,453,"Lab 4"
"4-Ctr-WT10","Ctr-WT",15,841,"Lab 4"
"4-Ctr-WT11","Ctr-WT",0,94,"Lab 4"
"4-Ctr-WT11","Ctr-WT",3,263,"Lab 4"
"4-Ctr-WT11","Ctr-WT",6,389,"Lab 4"
"4-Ctr-WT11","Ctr-WT",9,625,"Lab 4"
"4-Ctr-WT11","Ctr-WT",12,555,"Lab 4"
"4-Ctr-WT11","Ctr-WT",15,677,"Lab 4"
"4-Ctr-WT12","Ctr-WT",0,59,"Lab 4"
"4-Ctr-WT12","Ctr-WT",3,85,"Lab 4"
"4-Ctr-WT12","Ctr-WT",6,152,"Lab 4"
"4-Ctr-WT12","Ctr-WT",9,430,"Lab 4"
"4-Ctr-WT12","Ctr-WT",12,362,"Lab 4"
"4-Ctr-WT12","Ctr-WT",15,660,"Lab 4"
"4-Ctr-WT13","Ctr-WT",0,33,"Lab 4"
"4-Ctr-WT13","Ctr-WT",3,59,"Lab 4"
"4-Ctr-WT13","Ctr-WT",6,121,"Lab 4"
"4-Ctr-WT13","Ctr-WT",9,93,"Lab 4"
"4-Ctr-WT13","Ctr-WT",12,191,"Lab 4"
"4-Ctr-WT13","Ctr-WT",15,195,"Lab 4"
"4-Ctr-WT14","Ctr-WT",0,109,"Lab 4"
"4-Ctr-WT14","Ctr-WT",3,283,"Lab 4"
"4-Ctr-WT14","Ctr-WT",6,435,"Lab 4"
"4-Ctr-WT14","Ctr-WT",9,668,"Lab 4"
"4-Ctr-WT14","Ctr-WT",12,940,"Lab 4"
"4-Ctr-WT14","Ctr-WT",15,889,"Lab 4"
"4-Ctr-WT15","Ctr-WT",0,103,"Lab 4"
"4-Ctr-WT15","Ctr-WT",3,134,"Lab 4"
"4-Ctr-WT15","Ctr-WT",6,197,"Lab 4"
"4-Ctr-WT15","Ctr-WT",9,344,"Lab 4"
"4-Ctr-WT15","Ctr-WT",12,345,"Lab 4"
"4-Ctr-WT15","Ctr-WT",15,390,"Lab 4"
"4-Ctr-WT16","Ctr-WT",0,111,"Lab 4"
"4-Ctr-WT16","Ctr-WT",3,196,"Lab 4"
"4-Ctr-WT16","Ctr-WT",6,274,"Lab 4"
"4-Ctr-WT16","Ctr-WT",9,358,"Lab 4"
"4-Ctr-WT16","Ctr-WT",12,514,"Lab 4"
"4-Ctr-WT16","Ctr-WT",15,634,"Lab 4"
"4-Ctr-WT17","Ctr-WT",0,52,"Lab 4"
"4-Ctr-WT17","Ctr-WT",3,136,"Lab 4"
"4-Ctr-WT17","Ctr-WT",6,185,"Lab 4"
"4-Ctr-WT17","Ctr-WT",9,252,"Lab 4"
"4-Ctr-WT17","Ctr-WT",12,429,"Lab 4"
"4-Ctr-WT17","Ctr-WT",15,657,"Lab 4"
"4-Ctr-WT18","Ctr-WT",0,106,"Lab 4"
"4-Ctr-WT18","Ctr-WT",3,136,"Lab 4"
"4-Ctr-WT18","Ctr-WT",6,528,"Lab 4"
"4-Ctr-WT18","Ctr-WT",9,904,"Lab 4"
"4-Ctr-WT18","Ctr-WT",12,1093,"Lab 4"
"4-Ctr-WT18","Ctr-WT",15,1122,"Lab 4"
"4-Ctr-WT19","Ctr-WT",0,147,"Lab 4"
"4-Ctr-WT19","Ctr-WT",3,330,"Lab 4"
"4-Ctr-WT19","Ctr-WT",6,696,"Lab 4"
"4-Ctr-WT19","Ctr-WT",9,1032,"Lab 4"
"4-Ctr-WT19","Ctr-WT",12,1558,"Lab 4"
"4-Ctr-WT19","Ctr-WT",15,1880,"Lab 4"
"4-Ctr-WT2","Ctr-WT",0,67,"Lab 4"
"4-Ctr-WT2","Ctr-WT",3,120,"Lab 4"
"4-Ctr-WT2","Ctr-WT",6,211,"Lab 4"
"4-Ctr-WT2","Ctr-WT",9,283,"Lab 4"
"4-Ctr-WT2","Ctr-WT",12,456,"Lab 4"
"4-Ctr-WT2","Ctr-WT",15,424,"Lab 4"
"4-Ctr-WT20","Ctr-WT",0,119,"Lab 4"
"4-Ctr-WT20","Ctr-WT",3,183,"Lab 4"
"4-Ctr-WT20","Ctr-WT",6,412,"Lab 4"
"4-Ctr-WT20","Ctr-WT",9,705,"Lab 4"
"4-Ctr-WT20","Ctr-WT",12,781,"Lab 4"
"4-Ctr-WT20","Ctr-WT",15,1156,"Lab 4"
"4-Ctr-KO21","Ctr-KO",0,149,"Lab 4"
"4-Ctr-KO21","Ctr-KO",3,379,"Lab 4"
"4-Ctr-KO21","Ctr-KO",6,655,"Lab 4"
"4-Ctr-KO21","Ctr-KO",9,763,"Lab 4"
"4-Ctr-KO21","Ctr-KO",12,1371,"Lab 4"
"4-Ctr-KO21","Ctr-KO",15,1491,"Lab 4"
"4-Ctr-KO22","Ctr-KO",0,127,"Lab 4"
"4-Ctr-KO22","Ctr-KO",3,200,"Lab 4"
"4-Ctr-KO22","Ctr-KO",6,676,"Lab 4"
"4-Ctr-KO22","Ctr-KO",9,928,"Lab 4"
"4-Ctr-KO22","Ctr-KO",12,1902,"Lab 4"
"4-Ctr-KO22","Ctr-KO",15,1805,"Lab 4"
"4-Ctr-KO23","Ctr-KO",0,144,"Lab 4"
"4-Ctr-KO23","Ctr-KO",3,269,"Lab 4"
"4-Ctr-KO23","Ctr-KO",6,552,"Lab 4"
"4-Ctr-KO23","Ctr-KO",9,656,"Lab 4"
"4-Ctr-KO23","Ctr-KO",12,682,"Lab 4"
"4-Ctr-KO23","Ctr-KO",15,905,"Lab 4"
"4-Ctr-KO24","Ctr-KO",0,43,"Lab 4"
"4-Ctr-KO24","Ctr-KO",3,128,"Lab 4"
"4-Ctr-KO24","Ctr-KO",6,203,"Lab 4"
"4-Ctr-KO24","Ctr-KO",9,573,"Lab 4"
"4-Ctr-KO24","Ctr-KO",12,1037,"Lab 4"
"4-Ctr-KO24","Ctr-KO",15,1104,"Lab 4"
"4-Ctr-KO25","Ctr-KO",0,49,"Lab 4"
"4-Ctr-KO25","Ctr-KO",3,116,"Lab 4"
"4-Ctr-KO25","Ctr-KO",6,351,"Lab 4"
"4-Ctr-KO25","Ctr-KO",9,551,"Lab 4"
"4-Ctr-KO25","Ctr-KO",12,875,"Lab 4"
"4-Ctr-KO25","Ctr-KO",15,1231,"Lab 4"
"4-Ctr-KO26","Ctr-KO",0,63,"Lab 4"
"4-Ctr-KO26","Ctr-KO",3,139,"Lab 4"
"4-Ctr-KO26","Ctr-KO",6,265,"Lab 4"
"4-Ctr-KO26","Ctr-KO",9,372,"Lab 4"
"4-Ctr-KO26","Ctr-KO",12,381,"Lab 4"
"4-Ctr-KO26","Ctr-KO",15,393,"Lab 4"
"4-Ctr-KO27","Ctr-KO",0,63,"Lab 4"
"4-Ctr-KO27","Ctr-KO",3,137,"Lab 4"
"4-Ctr-KO27","Ctr-KO",6,174,"Lab 4"
"4-Ctr-KO27","Ctr-KO",9,372,"Lab 4"
"4-Ctr-KO27","Ctr-KO",12,339,"Lab 4"
"4-Ctr-KO27","Ctr-KO",15,437,"Lab 4"
"4-Ctr-KO28","Ctr-KO",0,79,"Lab 4"
"4-Ctr-KO28","Ctr-KO",3,105,"Lab 4"
"4-Ctr-KO28","Ctr-KO",6,166,"Lab 4"
"4-Ctr-KO28","Ctr-KO",9,310,"Lab 4"
"4-Ctr-KO28","Ctr-KO",12,360,"Lab 4"
"4-Ctr-KO28","Ctr-KO",15,539,"Lab 4"
"4-Ctr-KO29","Ctr-KO",0,102,"Lab 4"
"4-Ctr-KO29","Ctr-KO",3,218,"Lab 4"
"4-Ctr-KO29","Ctr-KO",6,463,"Lab 4"
"4-Ctr-KO29","Ctr-KO",9,424,"Lab 4"
"4-Ctr-KO29","Ctr-KO",12,860,"Lab 4"
"4-Ctr-KO29","Ctr-KO",15,883,"Lab 4"
"4-Ctr-WT3","Ctr-WT",0,79,"Lab 4"
"4-Ctr-WT3","Ctr-WT",3,211,"Lab 4"
"4-Ctr-WT3","Ctr-WT",6,301,"Lab 4"
"4-Ctr-WT3","Ctr-WT",9,330,"Lab 4"
"4-Ctr-WT3","Ctr-WT",12,587,"Lab 4"
"4-Ctr-WT3","Ctr-WT",15,407,"Lab 4"
"4-Ctr-KO30","Ctr-KO",0,76,"Lab 4"
"4-Ctr-KO30","Ctr-KO",3,172,"Lab 4"
"4-Ctr-KO30","Ctr-KO",6,160,"Lab 4"
"4-Ctr-KO30","Ctr-KO",9,283,"Lab 4"
"4-Ctr-KO30","Ctr-KO",12,362,"Lab 4"
"4-Ctr-KO30","Ctr-KO",15,448,"Lab 4"
"4-Ctr-KO31","Ctr-KO",0,55,"Lab 4"
"4-Ctr-KO31","Ctr-KO",3,183,"Lab 4"
"4-Ctr-KO31","Ctr-KO",6,161,"Lab 4"
"4-Ctr-KO31","Ctr-KO",9,406,"Lab 4"
"4-Ctr-KO31","Ctr-KO",12,415,"Lab 4"
"4-Ctr-KO31","Ctr-KO",15,545,"Lab 4"
"4-Ctr-KO32","Ctr-KO",0,88,"Lab 4"
"4-Ctr-KO32","Ctr-KO",3,186,"Lab 4"
"4-Ctr-KO32","Ctr-KO",6,651,"Lab 4"
"4-Ctr-KO32","Ctr-KO",9,731,"Lab 4"
"4-Ctr-KO32","Ctr-KO",12,1035,"Lab 4"
"4-Ctr-KO32","Ctr-KO",15,1007,"Lab 4"
"4-Ctr-KO33","Ctr-KO",0,116,"Lab 4"
"4-Ctr-KO33","Ctr-KO",3,205,"Lab 4"
"4-Ctr-KO33","Ctr-KO",6,549,"Lab 4"
"4-Ctr-KO33","Ctr-KO",9,534,"Lab 4"
"4-Ctr-KO33","Ctr-KO",12,1136,"Lab 4"
"4-Ctr-KO33","Ctr-KO",15,1235,"Lab 4"
"4-Ctr-KO34","Ctr-KO",0,122,"Lab 4"
"4-Ctr-KO34","Ctr-KO",3,219,"Lab 4"
"4-Ctr-KO34","Ctr-KO",6,785,"Lab 4"
"4-Ctr-KO34","Ctr-KO",9,530,"Lab 4"
"4-Ctr-KO34","Ctr-KO",12,626,"Lab 4"
"4-Ctr-KO34","Ctr-KO",15,1105,"Lab 4"
"4-Ctr-KO35","Ctr-KO",0,53,"Lab 4"
"4-Ctr-KO35","Ctr-KO",3,95,"Lab 4"
"4-Ctr-KO35","Ctr-KO",6,205,"Lab 4"
"4-Ctr-KO35","Ctr-KO",9,353,"Lab 4"
"4-Ctr-KO35","Ctr-KO",12,455,"Lab 4"
"4-Ctr-KO35","Ctr-KO",15,632,"Lab 4"
"4-Ctr-KO36","Ctr-KO",0,53,"Lab 4"
"4-Ctr-KO36","Ctr-KO",3,90,"Lab 4"
"4-Ctr-KO36","Ctr-KO",6,168,"Lab 4"
"4-Ctr-KO36","Ctr-KO",9,441,"Lab 4"
"4-Ctr-KO36","Ctr-KO",12,488,"Lab 4"
"4-Ctr-KO36","Ctr-KO",15,445,"Lab 4"
"4-Ctr-KO37","Ctr-KO",0,54,"Lab 4"
"4-Ctr-KO37","Ctr-KO",3,170,"Lab 4"
"4-Ctr-KO37","Ctr-KO",6,199,"Lab 4"
"4-Ctr-KO37","Ctr-KO",9,334,"Lab 4"
"4-Ctr-KO37","Ctr-KO",12,391,"Lab 4"
"4-Ctr-KO37","Ctr-KO",15,509,"Lab 4"
"4-Ctr-KO38","Ctr-KO",0,105,"Lab 4"
"4-Ctr-KO38","Ctr-KO",3,363,"Lab 4"
"4-Ctr-KO38","Ctr-KO",6,894,"Lab 4"
"4-Ctr-KO38","Ctr-KO",9,1294,"Lab 4"
"4-Ctr-KO38","Ctr-KO",12,1716,"Lab 4"
"4-Ctr-KO39","Ctr-KO",0,82,"Lab 4"
"4-Ctr-KO39","Ctr-KO",3,192,"Lab 4"
"4-Ctr-KO39","Ctr-KO",6,287,"Lab 4"
"4-Ctr-KO39","Ctr-KO",9,689,"Lab 4"
"4-Ctr-KO39","Ctr-KO",12,830,"Lab 4"
"4-Ctr-KO39","Ctr-KO",15,1131,"Lab 4"
"4-Ctr-WT4","Ctr-WT",0,114,"Lab 4"
"4-Ctr-WT4","Ctr-WT",3,229,"Lab 4"
"4-Ctr-WT4","Ctr-WT",6,500,"Lab 4"
"4-Ctr-WT4","Ctr-WT",9,738,"Lab 4"
"4-Ctr-WT4","Ctr-WT",12,1581,"Lab 4"
"4-Ctr-WT4","Ctr-WT",15,1967,"Lab 4"
"4-Ctr-KO40","Ctr-KO",0,64,"Lab 4"
"4-Ctr-KO40","Ctr-KO",3,109,"Lab 4"
"4-Ctr-KO40","Ctr-KO",6,188,"Lab 4"
"4-Ctr-KO40","Ctr-KO",9,227,"Lab 4"
"4-Ctr-KO40","Ctr-KO",12,540,"Lab 4"
"4-Ctr-KO40","Ctr-KO",15,643,"Lab 4"
"4-Trt-WT41","Trt-WT",0,68,"Lab 4"
"4-Trt-WT41","Trt-WT",3,202,"Lab 4"
"4-Trt-WT41","Trt-WT",6,258,"Lab 4"
"4-Trt-WT41","Trt-WT",9,460,"Lab 4"
"4-Trt-WT41","Trt-WT",12,696,"Lab 4"
"4-Trt-WT41","Trt-WT",15,583,"Lab 4"
"4-Trt-WT42","Trt-WT",0,75,"Lab 4"
"4-Trt-WT42","Trt-WT",3,117,"Lab 4"
"4-Trt-WT42","Trt-WT",6,154,"Lab 4"
"4-Trt-WT42","Trt-WT",9,115,"Lab 4"
"4-Trt-WT42","Trt-WT",12,164,"Lab 4"
"4-Trt-WT42","Trt-WT",15,137,"Lab 4"
"4-Trt-WT43","Trt-WT",0,101,"Lab 4"
"4-Trt-WT43","Trt-WT",3,141,"Lab 4"
"4-Trt-WT43","Trt-WT",6,462,"Lab 4"
"4-Trt-WT43","Trt-WT",9,685,"Lab 4"
"4-Trt-WT43","Trt-WT",12,1187,"Lab 4"
"4-Trt-WT43","Trt-WT",15,1046,"Lab 4"
"4-Trt-WT44","Trt-WT",0,66,"Lab 4"
"4-Trt-WT44","Trt-WT",3,137,"Lab 4"
"4-Trt-WT44","Trt-WT",6,160,"Lab 4"
"4-Trt-WT44","Trt-WT",9,262,"Lab 4"
"4-Trt-WT44","Trt-WT",12,293,"Lab 4"
"4-Trt-WT44","Trt-WT",15,310,"Lab 4"
"4-Trt-WT45","Trt-WT",0,85,"Lab 4"
"4-Trt-WT45","Trt-WT",3,147,"Lab 4"
"4-Trt-WT45","Trt-WT",6,428,"Lab 4"
"4-Trt-WT45","Trt-WT",9,477,"Lab 4"
"4-Trt-WT45","Trt-WT",12,541,"Lab 4"
"4-Trt-WT45","Trt-WT",15,913,"Lab 4"
"4-Trt-WT46","Trt-WT",0,42,"Lab 4"
"4-Trt-WT46","Trt-WT",3,137,"Lab 4"
"4-Trt-WT46","Trt-WT",6,214,"Lab 4"
"4-Trt-WT46","Trt-WT",9,438,"Lab 4"
"4-Trt-WT46","Trt-WT",12,605,"Lab 4"
"4-Trt-WT46","Trt-WT",15,619,"Lab 4"
"4-Trt-WT47","Trt-WT",0,71,"Lab 4"
"4-Trt-WT47","Trt-WT",3,110,"Lab 4"
"4-Trt-WT47","Trt-WT",6,280,"Lab 4"
"4-Trt-WT47","Trt-WT",9,358,"Lab 4"
"4-Trt-WT47","Trt-WT",12,368,"Lab 4"
"4-Trt-WT47","Trt-WT",15,818,"Lab 4"
"4-Trt-WT48","Trt-WT",0,41,"Lab 4"
"4-Trt-WT48","Trt-WT",3,111,"Lab 4"
"4-Trt-WT48","Trt-WT",6,212,"Lab 4"
"4-Trt-WT48","Trt-WT",9,287,"Lab 4"
"4-Trt-WT48","Trt-WT",12,414,"Lab 4"
"4-Trt-WT48","Trt-WT",15,640,"Lab 4"
"4-Trt-WT49","Trt-WT",0,51,"Lab 4"
"4-Trt-WT49","Trt-WT",3,105,"Lab 4"
"4-Trt-WT49","Trt-WT",6,176,"Lab 4"
"4-Trt-WT49","Trt-WT",9,228,"Lab 4"
"4-Trt-WT49","Trt-WT",12,252,"Lab 4"
"4-Trt-WT49","Trt-WT",15,305,"Lab 4"
"4-Ctr-WT5","Ctr-WT",0,88,"Lab 4"
"4-Ctr-WT5","Ctr-WT",3,146,"Lab 4"
"4-Ctr-WT5","Ctr-WT",6,317,"Lab 4"
"4-Ctr-WT5","Ctr-WT",9,389,"Lab 4"
"4-Ctr-WT5","Ctr-WT",12,419,"Lab 4"
"4-Ctr-WT5","Ctr-WT",15,628,"Lab 4"
"4-Trt-WT50","Trt-WT",0,89,"Lab 4"
"4-Trt-WT50","Trt-WT",3,71,"Lab 4"
"4-Trt-WT50","Trt-WT",6,129,"Lab 4"
"4-Trt-WT50","Trt-WT",9,132,"Lab 4"
"4-Trt-WT50","Trt-WT",12,134,"Lab 4"
"4-Trt-WT50","Trt-WT",15,91,"Lab 4"
"4-Trt-WT51","Trt-WT",0,85,"Lab 4"
"4-Trt-WT51","Trt-WT",3,162,"Lab 4"
"4-Trt-WT51","Trt-WT",6,212,"Lab 4"
"4-Trt-WT51","Trt-WT",9,474,"Lab 4"
"4-Trt-WT51","Trt-WT",12,386,"Lab 4"
"4-Trt-WT51","Trt-WT",15,329,"Lab 4"
"4-Trt-WT52","Trt-WT",0,93,"Lab 4"
"4-Trt-WT52","Trt-WT",3,236,"Lab 4"
"4-Trt-WT52","Trt-WT",6,339,"Lab 4"
"4-Trt-WT52","Trt-WT",9,666,"Lab 4"
"4-Trt-WT52","Trt-WT",12,1025,"Lab 4"
"4-Trt-WT53","Trt-WT",0,46,"Lab 4"
"4-Trt-WT53","Trt-WT",3,167,"Lab 4"
"4-Trt-WT53","Trt-WT",6,198,"Lab 4"
"4-Trt-WT53","Trt-WT",9,435,"Lab 4"
"4-Trt-WT53","Trt-WT",12,445,"Lab 4"
"4-Trt-WT53","Trt-WT",15,461,"Lab 4"
"4-Trt-WT54","Trt-WT",0,122,"Lab 4"
"4-Trt-WT54","Trt-WT",3,247,"Lab 4"
"4-Trt-WT54","Trt-WT",6,372,"Lab 4"
"4-Trt-WT54","Trt-WT",9,1011,"Lab 4"
"4-Trt-WT54","Trt-WT",12,1449,"Lab 4"
"4-Trt-WT54","Trt-WT",15,1574,"Lab 4"
"4-Trt-WT55","Trt-WT",0,64,"Lab 4"
"4-Trt-WT55","Trt-WT",3,191,"Lab 4"
"4-Trt-WT55","Trt-WT",6,320,"Lab 4"
"4-Trt-WT55","Trt-WT",9,278,"Lab 4"
"4-Trt-WT55","Trt-WT",12,618,"Lab 4"
"4-Trt-WT55","Trt-WT",15,269,"Lab 4"
"4-Trt-WT56","Trt-WT",0,105,"Lab 4"
"4-Trt-WT56","Trt-WT",3,246,"Lab 4"
"4-Trt-WT56","Trt-WT",6,355,"Lab 4"
"4-Trt-WT56","Trt-WT",9,430,"Lab 4"
"4-Trt-WT56","Trt-WT",12,474,"Lab 4"
"4-Trt-WT56","Trt-WT",15,361,"Lab 4"
"4-Trt-WT57","Trt-WT",0,111,"Lab 4"
"4-Trt-WT57","Trt-WT",3,262,"Lab 4"
"4-Trt-WT57","Trt-WT",6,607,"Lab 4"
"4-Trt-WT57","Trt-WT",9,703,"Lab 4"
"4-Trt-WT57","Trt-WT",12,1265,"Lab 4"
"4-Trt-WT57","Trt-WT",15,1404,"Lab 4"
"4-Trt-WT58","Trt-WT",0,83,"Lab 4"
"4-Trt-WT58","Trt-WT",3,263,"Lab 4"
"4-Trt-WT58","Trt-WT",6,310,"Lab 4"
"4-Trt-WT58","Trt-WT",9,393,"Lab 4"
"4-Trt-WT58","Trt-WT",12,444,"Lab 4"
"4-Trt-WT58","Trt-WT",15,645,"Lab 4"
"4-Trt-WT59","Trt-WT",0,60,"Lab 4"
"4-Trt-WT59","Trt-WT",3,90,"Lab 4"
"4-Trt-WT59","Trt-WT",6,144,"Lab 4"
"4-Trt-WT59","Trt-WT",9,144,"Lab 4"
"4-Trt-WT59","Trt-WT",12,176,"Lab 4"
"4-Trt-WT59","Trt-WT",15,152,"Lab 4"
"4-Ctr-WT6","Ctr-WT",0,119,"Lab 4"
"4-Ctr-WT6","Ctr-WT",3,178,"Lab 4"
"4-Ctr-WT6","Ctr-WT",6,246,"Lab 4"
"4-Ctr-WT6","Ctr-WT",9,607,"Lab 4"
"4-Ctr-WT6","Ctr-WT",12,630,"Lab 4"
"4-Ctr-WT6","Ctr-WT",15,663,"Lab 4"
"4-Trt-WT60","Trt-WT",0,71,"Lab 4"
"4-Trt-WT60","Trt-WT",3,202,"Lab 4"
"4-Trt-WT60","Trt-WT",6,136,"Lab 4"
"4-Trt-WT60","Trt-WT",9,287,"Lab 4"
"4-Trt-WT60","Trt-WT",12,473,"Lab 4"
"4-Trt-WT60","Trt-WT",15,389,"Lab 4"
"4-Trt-KO61","Trt-KO",0,57,"Lab 4"
"4-Trt-KO61","Trt-KO",3,110,"Lab 4"
"4-Trt-KO61","Trt-KO",6,128,"Lab 4"
"4-Trt-KO61","Trt-KO",9,136,"Lab 4"
"4-Trt-KO61","Trt-KO",12,162,"Lab 4"
"4-Trt-KO61","Trt-KO",15,267,"Lab 4"
"4-Trt-KO62","Trt-KO",0,99,"Lab 4"
"4-Trt-KO62","Trt-KO",3,193,"Lab 4"
"4-Trt-KO62","Trt-KO",6,413,"Lab 4"
"4-Trt-KO62","Trt-KO",9,518,"Lab 4"
"4-Trt-KO62","Trt-KO",12,392,"Lab 4"
"4-Trt-KO62","Trt-KO",15,718,"Lab 4"
"4-Trt-KO63","Trt-KO",0,74,"Lab 4"
"4-Trt-KO63","Trt-KO",3,154,"Lab 4"
"4-Trt-KO63","Trt-KO",6,249,"Lab 4"
"4-Trt-KO63","Trt-KO",9,398,"Lab 4"
"4-Trt-KO63","Trt-KO",12,375,"Lab 4"
"4-Trt-KO63","Trt-KO",15,467,"Lab 4"
"4-Trt-KO64","Trt-KO",0,55,"Lab 4"
"4-Trt-KO64","Trt-KO",3,106,"Lab 4"
"4-Trt-KO64","Trt-KO",6,249,"Lab 4"
"4-Trt-KO64","Trt-KO",9,208,"Lab 4"
"4-Trt-KO64","Trt-KO",12,295,"Lab 4"
"4-Trt-KO64","Trt-KO",15,308,"Lab 4"
"4-Trt-KO65","Trt-KO",0,78,"Lab 4"
"4-Trt-KO65","Trt-KO",3,125,"Lab 4"
"4-Trt-KO65","Trt-KO",6,183,"Lab 4"
"4-Trt-KO65","Trt-KO",9,255,"Lab 4"
"4-Trt-KO65","Trt-KO",12,180,"Lab 4"
"4-Trt-KO65","Trt-KO",15,218,"Lab 4"
"4-Trt-KO66","Trt-KO",0,138,"Lab 4"
"4-Trt-KO66","Trt-KO",3,120,"Lab 4"
"4-Trt-KO66","Trt-KO",6,171,"Lab 4"
"4-Trt-KO66","Trt-KO",9,175,"Lab 4"
"4-Trt-KO66","Trt-KO",12,209,"Lab 4"
"4-Trt-KO66","Trt-KO",15,128,"Lab 4"
"4-Trt-KO67","Trt-KO",0,66,"Lab 4"
"4-Trt-KO67","Trt-KO",3,94,"Lab 4"
"4-Trt-KO67","Trt-KO",6,212,"Lab 4"
"4-Trt-KO67","Trt-KO",9,238,"Lab 4"
"4-Trt-KO67","Trt-KO",12,424,"Lab 4"
"4-Trt-KO67","Trt-KO",15,391,"Lab 4"
"4-Trt-KO68","Trt-KO",0,90,"Lab 4"
"4-Trt-KO68","Trt-KO",3,101,"Lab 4"
"4-Trt-KO68","Trt-KO",6,132,"Lab 4"
"4-Trt-KO68","Trt-KO",9,152,"Lab 4"
"4-Trt-KO68","Trt-KO",12,194,"Lab 4"
"4-Trt-KO68","Trt-KO",15,158,"Lab 4"
"4-Trt-KO69","Trt-KO",0,87,"Lab 4"
"4-Trt-KO69","Trt-KO",3,144,"Lab 4"
"4-Trt-KO69","Trt-KO",6,232,"Lab 4"
"4-Trt-KO69","Trt-KO",9,301,"Lab 4"
"4-Trt-KO69","Trt-KO",12,293,"Lab 4"
"4-Trt-KO69","Trt-KO",15,280,"Lab 4"
"4-Ctr-WT7","Ctr-WT",0,47,"Lab 4"
"4-Ctr-WT7","Ctr-WT",3,119,"Lab 4"
"4-Ctr-WT7","Ctr-WT",6,274,"Lab 4"
"4-Ctr-WT7","Ctr-WT",9,451,"Lab 4"
"4-Ctr-WT7","Ctr-WT",12,367,"Lab 4"
"4-Ctr-WT7","Ctr-WT",15,669,"Lab 4"
"4-Trt-KO70","Trt-KO",0,90,"Lab 4"
"4-Trt-KO70","Trt-KO",3,137,"Lab 4"
"4-Trt-KO70","Trt-KO",6,198,"Lab 4"
"4-Trt-KO70","Trt-KO",9,245,"Lab 4"
"4-Trt-KO70","Trt-KO",12,235,"Lab 4"
"4-Trt-KO70","Trt-KO",15,431,"Lab 4"
"4-Trt-KO71","Trt-KO",0,58,"Lab 4"
"4-Trt-KO71","Trt-KO",3,128,"Lab 4"
"4-Trt-KO71","Trt-KO",6,144,"Lab 4"
"4-Trt-KO71","Trt-KO",9,112,"Lab 4"
"4-Trt-KO71","Trt-KO",12,117,"Lab 4"
"4-Trt-KO71","Trt-KO",15,104,"Lab 4"
"4-Trt-KO72","Trt-KO",0,80,"Lab 4"
"4-Trt-KO72","Trt-KO",3,103,"Lab 4"
"4-Trt-KO72","Trt-KO",6,137,"Lab 4"
"4-Trt-KO72","Trt-KO",9,131,"Lab 4"
"4-Trt-KO72","Trt-KO",12,171,"Lab 4"
"4-Trt-KO72","Trt-KO",15,154,"Lab 4"
"4-Trt-KO73","Trt-KO",0,74,"Lab 4"
"4-Trt-KO73","Trt-KO",3,128,"Lab 4"
"4-Trt-KO73","Trt-KO",6,219,"Lab 4"
"4-Trt-KO73","Trt-KO",9,258,"Lab 4"
"4-Trt-KO73","Trt-KO",12,190,"Lab 4"
"4-Trt-KO73","Trt-KO",15,249,"Lab 4"
"4-Trt-KO74","Trt-KO",0,43,"Lab 4"
"4-Trt-KO74","Trt-KO",3,98,"Lab 4"
"4-Trt-KO74","Trt-KO",6,155,"Lab 4"
"4-Trt-KO74","Trt-KO",9,144,"Lab 4"
"4-Trt-KO74","Trt-KO",12,147,"Lab 4"
"4-Trt-KO74","Trt-KO",15,91,"Lab 4"
"4-Trt-KO75","Trt-KO",0,71,"Lab 4"
"4-Trt-KO75","Trt-KO",3,270,"Lab 4"
"4-Trt-KO75","Trt-KO",6,303,"Lab 4"
"4-Trt-KO75","Trt-KO",9,450,"Lab 4"
"4-Trt-KO75","Trt-KO",12,525,"Lab 4"
"4-Trt-KO75","Trt-KO",15,338,"Lab 4"
"4-Trt-KO76","Trt-KO",0,99,"Lab 4"
"4-Trt-KO76","Trt-KO",3,109,"Lab 4"
"4-Trt-KO76","Trt-KO",6,167,"Lab 4"
"4-Trt-KO76","Trt-KO",9,306,"Lab 4"
"4-Trt-KO76","Trt-KO",12,277,"Lab 4"
"4-Trt-KO76","Trt-KO",15,177,"Lab 4"
"4-Trt-KO77","Trt-KO",0,64,"Lab 4"
"4-Trt-KO77","Trt-KO",3,98,"Lab 4"
"4-Trt-KO77","Trt-KO",6,140,"Lab 4"
"4-Trt-KO77","Trt-KO",9,206,"Lab 4"
"4-Trt-KO77","Trt-KO",12,159,"Lab 4"
"4-Trt-KO77","Trt-KO",15,243,"Lab 4"
"4-Trt-KO78","Trt-KO",0,38,"Lab 4"
"4-Trt-KO78","Trt-KO",3,58,"Lab 4"
"4-Trt-KO78","Trt-KO",6,107,"Lab 4"
"4-Trt-KO78","Trt-KO",9,96,"Lab 4"
"4-Trt-KO78","Trt-KO",12,184,"Lab 4"
"4-Trt-KO78","Trt-KO",15,115,"Lab 4"
"4-Trt-KO79","Trt-KO",0,96,"Lab 4"
"4-Trt-KO79","Trt-KO",3,234,"Lab 4"
"4-Trt-KO79","Trt-KO",6,271,"Lab 4"
"4-Trt-KO79","Trt-KO",9,405,"Lab 4"
"4-Trt-KO79","Trt-KO",12,259,"Lab 4"
"4-Trt-KO79","Trt-KO",15,469,"Lab 4"
"4-Ctr-WT8","Ctr-WT",0,89,"Lab 4"
"4-Ctr-WT8","Ctr-WT",3,85,"Lab 4"
"4-Ctr-WT8","Ctr-WT",6,88,"Lab 4"
"4-Ctr-WT8","Ctr-WT",9,201,"Lab 4"
"4-Ctr-WT8","Ctr-WT",12,218,"Lab 4"
"4-Ctr-WT8","Ctr-WT",15,250,"Lab 4"
"4-Trt-KO80","Trt-KO",0,45,"Lab 4"
"4-Trt-KO80","Trt-KO",3,87,"Lab 4"
"4-Trt-KO80","Trt-KO",6,187,"Lab 4"
"4-Trt-KO80","Trt-KO",9,213,"Lab 4"
"4-Trt-KO80","Trt-KO",12,382,"Lab 4"
"4-Trt-KO80","Trt-KO",15,338,"Lab 4"
"4-Ctr-WT9","Ctr-WT",0,73,"Lab 4"
"4-Ctr-WT9","Ctr-WT",3,151,"Lab 4"
"4-Ctr-WT9","Ctr-WT",6,379,"Lab 4"
"4-Ctr-WT9","Ctr-WT",9,478,"Lab 4"
"4-Ctr-WT9","Ctr-WT",12,727,"Lab 4"
"4-Ctr-WT9","Ctr-WT",15,963,"Lab 4"
